{
  "last_snapshot": 46,
  "last_data": {
    "uft_median": 60288
  },
  "count": 46,
  "last_spot": 62476.965,
  "last_fr": 0.0027916266699000002,
  "last_ls": 0,
  "last_oi": 3.1702,
  "hard_triggers": [],
  "last_trigger_ts": "2026-07-04T05:41:36.007242+00:00"
}