{
  "last_snapshot": 33,
  "last_data": {
    "uft_median": 60288
  },
  "count": 33,
  "last_spot": 58745.975,
  "last_fr": 0.0069819161075999996,
  "last_ls": 0,
  "last_oi": 3.4445,
  "hard_triggers": [],
  "last_trigger_ts": "2026-07-01T06:21:30.222494+00:00"
}