{
  "last_snapshot": 50,
  "last_data": {
    "uft_median": 60288
  },
  "count": 50,
  "last_spot": 63267.425,
  "last_fr": 0.00348027543033,
  "last_ls": 0,
  "last_oi": 3.0571,
  "hard_triggers": [],
  "last_trigger_ts": "2026-07-04T20:50:10.365751+00:00",
  "fr_armed": {
    "-0.01": true,
    "-0.005": true,
    "0.0": true,
    "0.005": true,
    "0.01": true
  }
}