{
  "last_snapshot": 63,
  "last_data": {
    "uft_median": 60288
  },
  "count": 63,
  "last_spot": 62931.065,
  "last_fr": 0.00555611502737,
  "last_ls": 0,
  "last_oi": 3.0505,
  "hard_triggers": [
    "OI\u8df3\u52d5+338\u5f35\uff083.08\u21923.05\u842c\uff09"
  ],
  "last_trigger_ts": "2026-07-09T08:46:58.947265+00:00",
  "fr_armed": {
    "-0.01": true,
    "-0.005": true,
    "0.0": true,
    "0.005": false,
    "0.01": true
  },
  "t_forced_fired": {
    "10JUL26": [
      1
    ]
  }
}