{
  "last_snapshot": 65,
  "last_data": {
    "uft_median": 60288
  },
  "count": 65,
  "last_spot": 63908.025,
  "last_fr": 0.01,
  "last_ls": 0,
  "last_oi": 3.0369,
  "hard_triggers": [
    "FR\u7a7f\u8d8a+0.010%\uff08+0.00897\u2192+0.01000\uff09",
    "OI\u8df3\u52d5+489\u5f35\uff082.99\u21923.04\u842c\uff09"
  ],
  "last_trigger_ts": "2026-07-10T04:17:05.598012+00:00",
  "fr_armed": {
    "-0.01": true,
    "-0.005": true,
    "0.0": true,
    "0.005": true,
    "0.01": false
  },
  "t_forced_fired": {
    "10JUL26": [
      1
    ]
  }
}