{
  "last_snapshot": 57,
  "last_data": {
    "uft_median": 60288
  },
  "count": 57,
  "last_spot": 63535.91,
  "last_fr": 0.0076569751954600005,
  "last_ls": 0,
  "last_oi": 3.0931,
  "hard_triggers": [],
  "last_trigger_ts": "2026-07-07T15:18:21.907237+00:00",
  "fr_armed": {
    "-0.01": true,
    "-0.005": true,
    "0.0": true,
    "0.005": true,
    "0.01": true
  }
}