{
  "last_snapshot": 57,
  "last_data": {
    "uft_median": 60288
  },
  "count": 57,
  "last_spot": 63785.345,
  "last_fr": 0.00576862562436,
  "last_ls": 0,
  "last_oi": 3.0695,
  "hard_triggers": [],
  "last_trigger_ts": "2026-07-07T16:14:46.526736+00:00",
  "fr_armed": {
    "-0.01": true,
    "-0.005": true,
    "0.0": true,
    "0.005": true,
    "0.01": true
  }
}