{
  "last_snapshot": 47,
  "last_data": {
    "uft_median": 60288
  },
  "count": 47,
  "last_spot": 62314.555,
  "last_fr": 0.00373729439639,
  "last_ls": 0,
  "last_oi": 3.1683,
  "hard_triggers": [],
  "last_trigger_ts": "2026-07-04T06:28:25.414096+00:00"
}