{
  "last_snapshot": 49,
  "last_data": {
    "uft_median": 60288
  },
  "count": 49,
  "last_spot": 62662.075,
  "last_fr": 0.00477499508419,
  "last_ls": 0,
  "last_oi": 3.1508,
  "hard_triggers": [
    "FR\u7a7f\u8d8a+0.005%\uff08+0.00511\u2192+0.00477\uff09"
  ],
  "last_trigger_ts": "2026-07-04T15:01:51.960766+00:00"
}