{
  "last_snapshot": 51,
  "last_data": {
    "uft_median": 60288
  },
  "count": 51,
  "last_spot": 62835.065,
  "last_fr": 0.0014781976711,
  "last_ls": 0,
  "last_oi": 3.0813,
  "hard_triggers": [],
  "last_trigger_ts": "2026-07-05T15:09:37.899777+00:00",
  "fr_armed": {
    "-0.01": true,
    "-0.005": true,
    "0.0": true,
    "0.005": true,
    "0.01": true
  }
}