{
  "last_snapshot": 50,
  "last_data": {
    "uft_median": 60288
  },
  "count": 50,
  "last_spot": 62878.105,
  "last_fr": 0.00341624057638,
  "last_ls": 0,
  "last_oi": 3.0609,
  "hard_triggers": [
    "OI\u8df3\u52d5+899\u5f35\uff083.15\u21923.06\u842c\uff09"
  ],
  "last_trigger_ts": "2026-07-04T15:51:06.399170+00:00"
}