{
  "last_snapshot": 64,
  "last_data": {
    "uft_median": 60288
  },
  "count": 64,
  "last_spot": 63192.015,
  "last_fr": 0.00897334796532,
  "last_ls": 0,
  "last_oi": 2.988,
  "hard_triggers": [
    "OI\u8df3\u52d5+368\u5f35\uff083.02\u21922.99\u842c\uff09"
  ],
  "last_trigger_ts": "2026-07-09T20:08:27.938130+00:00",
  "fr_armed": {
    "-0.01": true,
    "-0.005": true,
    "0.0": true,
    "0.005": true,
    "0.01": true
  },
  "t_forced_fired": {
    "10JUL26": [
      1
    ]
  }
}