{
  "last_snapshot": 35,
  "last_data": {
    "uft_median": 60288
  },
  "count": 35,
  "last_spot": 59947.725,
  "last_fr": 0.003987315629289999,
  "last_ls": 0,
  "last_oi": 3.2776,
  "hard_triggers": [],
  "last_trigger_ts": "2026-07-01T16:22:47.897406+00:00"
}