{
  "last_snapshot": 41,
  "last_data": {
    "uft_median": 60288
  },
  "count": 41,
  "last_spot": 61606.165,
  "last_fr": 0.01,
  "last_ls": 0,
  "last_oi": 3.2046,
  "hard_triggers": [
    "FR\u7a7f\u8d8a+0.005%\uff08+0.00414\u2192+0.01000\uff09",
    "FR\u7a7f\u8d8a+0.010%\uff08+0.00414\u2192+0.01000\uff09",
    "OI\u8df3\u52d5+392\u5f35\uff083.17\u21923.20\u842c\uff09"
  ],
  "last_trigger_ts": "2026-07-03T05:48:47.116828+00:00"
}