{
  "last_snapshot": 51,
  "last_data": {
    "uft_median": 60288
  },
  "count": 51,
  "last_spot": 62580.965,
  "last_fr": 0.0031683088830999997,
  "last_ls": 0,
  "last_oi": 3.0691,
  "hard_triggers": [],
  "last_trigger_ts": "2026-07-05T10:06:44.268048+00:00",
  "fr_armed": {
    "-0.01": true,
    "-0.005": true,
    "0.0": true,
    "0.005": false,
    "0.01": true
  }
}