{
  "last_snapshot": 47,
  "last_data": {
    "uft_median": 60288
  },
  "count": 47,
  "last_spot": 62483.965,
  "last_fr": 0.0028233295634,
  "last_ls": 0,
  "last_oi": 3.17,
  "hard_triggers": [],
  "last_trigger_ts": "2026-07-04T05:43:22.945068+00:00"
}